 [
  {
  "id" : "aol",
  "displayName" : "Aol",
  "type" : 0,
  "eTag_signin" : "ee4a34adb248d583fb97fddf6891eb58",
  "eTag_64x64" : "33d34a4cb69bae93c8a1808d1e882f93"
  },
  {
  "id" : "auth0",
  "displayName" : "Storm4",
  "type" : 1,
  "eTag_signin" : "6ea7fc9e62c98bfec815968e7eddc330",
  "eTag_64x64" : "6d6a088cec50686070100fc8f0da49d6"
  },
  {
  "id" : "evernote",
  "displayName" : "EVERNOTE",
  "type" : 0,
  "eTag_signin" : "b40cc65f735b8b8c9a45556522b71b46",
  "eTag_64x64" : "bfb0779b12bd51c819585525b7295adb"
  },
  {
  "id" : "box",
  "displayName" : "box",
  "type" : 0,
  "eTag_signin" : "9a17cd2c42a42e3cb46759694dcd5b8a",
  "eTag_64x64" : "a9ac6c971ad813f4e80feef3610bac1f",
  },
  {
  "id" : "bitbucket",
  "displayName" : "Bitbucket",
  "type" : 0,
  "eTag_signin" : "0cb8a1795a8ec729ecdb504e4b31605a",
  "eTag_64x64" : "247ade4a9427f3217752efe94acb25cf",
  },
  {
  "id" : "dropbox",
  "displayName" : "Dropbox",
  "type" : 0,
  "eTag_signin" : "15bb0ba5cbb31f95b3a0df27cf699c4f",
  "eTag_64x64" : "991abdf944c48323eb02c275fe8539c6",
  },
  {
  "id" : "amazon",
  "displayName" : "Amazon",
  "type" : 0,
  "eTag_signin" : "cc06f58977a46e5d84ae59d3cbd06c8c",
  "eTag_64x64" : "0f64f5c1dca15ab9027575eed368a341"
  },
  {
  "id" : "fitbit",
  "displayName" : "fitbit",
  "type" : 0,
  "eTag_signin" : "d0122c8f1fc0544fd2b85bd758661e6c",
  "eTag_64x64" : "aa906b59b90bff146bc555b3047a6e8c"
  },
  {
  "id" : "twitter",
  "displayName" : "twitter",
  "type" : 0,
  "eTag_signin" : "befb7d62e89c4cd7ec208ac8d764e6ab",
  "eTag_64x64" : "58afbcd2b32cbb571bb28cdda0c5d927"
  },
  {
  "id" : "linkedin",
  "displayName" : "LinkedIn",
  "type" : 0,
  "eTag_signin" : "832867bd8d08bfbb08916a729dc1925b",
  "eTag_64x64" : "abaeab37c4cae17795eeb3a97b064da3"
  },
  {
  "id" : "instagram",
  "displayName" : "Instagram",
  "type" : 0,
  "eTag_signin" : "9089952f9cfede92d1ce42e64dea8348",
  "eTag_64x64" : "0540f08f445fc113f5bdcaadeaa0c9de"
  },
  {
  "id" : "salesforce",
  "displayName" : "salesforce",
  "type" : 0,
  "eTag_signin" : "b6cd17e2231b81d49821affe6a6dddf1",
  "eTag_64x64" : "6d346f7d0e308a24202f8a0459a60f40"
  },
  {
  "id" : "thirtysevensignals",
  "displayName" : "37 Signals",
  "type" : 0,
  "eTag_signin" : "dc37bfb96ad203fc74b42a9b2cc1c830",
  "eTag_64x64" : "74ddd6c0571543717fc24fb482f42bde"
  },
  {
  "id" : "yahoo",
  "displayName" : "Yahoo",
  "type" : 0,
  "eTag_signin" : "7fdfed8e28cb02e2198c403516d11013",
  "eTag_64x64" : "3352b3de57845b18d952ab5a04ab3fd6"
  },
  {
  "id" : "windowslive",
  "displayName" : "Microsoft",
  "type" : 0,
  "eTag_signin" : "1ff8203f4d6ab0daec7a292d3a1ff6ec",
  "eTag_64x64" : "d62f2ba7baf4890de36ffc73d58e1bba"
  },
  {
  "id" : "wordpress",
  "displayName" : "WordPress",
  "type" : 0,
  "eTag_signin" : "ec40fb1552ad714998d9eff7ca8d38f3",
  "eTag_64x64" : "c33b927e0c29f36c045f50e6d3586c2c"
  },
  {
  "id" : "google-oauth2",
  "displayName" : "Google",
  "type" : 0,
  "eTag_signin" : "7c1cd4846ea9c1474248a21727b49cba",
  "eTag_64x64" : "c687ef0db6ffd08761992fc61bab9f13"
  },
  {
  "id" : "yandex",
  "displayName" : "Яндекс",
  "type" : 0,
  "eTag_signin" : "0a0affe5b2781e066ab9df2ab9d17155",
  "eTag_64x64" : "01c901179767e5941636ffebfd675228"
  },
  {
  "id" : "github",
  "displayName" : "GitHub",
  "type" : 0,
  "eTag_signin" : "d5c17c119b3f0944dff7b5ee4174300b",
  "eTag_64x64" : "438c17272c5f0e9f4a6da34d3e4bc5bd"
  },
  {
  "id" : "paypal",
  "displayName" : "Paypal",
  "type" : 0,
  "eTag_signin" : "83493c358c3e92d1d88d9d21d3fa48c1",
  "eTag_64x64" : "1ebf1e4358cbaf82f00fa2fc824f7b91"
  },
  {
  "id" : "facebook",
  "displayName" : "Facebook",
  "type" : 0,
  "eTag_signin" : "6b40481f885fcc2fa0db9bd5eb99060b",
  "eTag_64x64" : "be2e58fc2a97b409613633e9deee5f28"
  }
  ]
